gene	baseMean	log2FoldChange	lfcSE	stat	pvalue	padj
ENSG00000160191	76934.7688309587	3.0722867297888086	0.15519274392554344	19.796587469725996	3.185562485761129e-87	7.294938092392986e-85
ENSG00000154734	22865.28653303559	3.4423800285732225	0.1793312192495904	19.19565395795459	4.0238582589549635e-82	4.607317706503433e-80
ENSG00000154723	7343.885122765996	2.582654564233986	0.16384820045416998	15.762483549255586	5.637339501945101e-56	4.303169153151427e-54
ENSG00000180509	30231.04876785945	2.9441918676799728	0.20001255127111287	14.720035562614177	4.794081586576781e-49	2.7446117083152074e-47
ENSG00000183145	9994.631973976731	2.8913997537842206	0.2488399104242183	11.619517740763564	3.2798238589846527e-31	1.5021593274149708e-29
ENSG00000276289	11796.400070032772	2.8601810314170595	0.46496261205322775	6.151421549330149	7.679150884905009e-10	2.930875921072078e-8
ENSG00000277277	724.4900218724903	0.9285462433888027	0.26390322100759256	3.5185104594160603	4.339767081345697e-4	0.014197238023259494
